ID,Name,Price,AnotherID
111111,Driftwood1,10,54321
111112,Driftwood2,20,54320
111113,Driftwood3,30,54319
111114,Driftwood4,40,54318
111115,Driftwood5,50,54317
111116,Driftwood6,60,54316
111117,Driftwood7,70,54315
111118,Driftwood8,80,54314
111119,Driftwood9,90,54313
111120,Driftwood10,100,54312
111121,Driftwood11,110,54311
111122,Driftwood12,120,54310
111123,Driftwood13,130,54309
111124,Driftwood14,140,54308
111125,Driftwood15,150,54307
111126,Driftwood16,160,54306
111127,Driftwood17,170,54305
111128,Driftwood18,180,54304
111129,Driftwood19,190,54303
111130,Driftwood20,200,54302
111131,Driftwood21,210,54301
111132,Driftwood22,220,54300
111133,Driftwood23,230,54299
111134,Driftwood24,240,54298
111135,Driftwood25,250,54297
111136,Driftwood26,260,54296
111137,Driftwood27,270,54295
111138,Driftwood28,280,54294
111139,Driftwood29,290,54293
111140,Driftwood30,300,54292
